source,rule_id,severity,location,description,severity_raw,tool_code,severity_norm,suppressed,dedup_key,risk_score,priority,ART_minutes,expected_priority
SCA,SNYK-JAVA-ORGYAML-6056527,HIGH,org.springframework.samples:spring-petclinic@4.0.0-SNAPSHOT > org.yaml:snakeyaml@1.26,Denial of Service (DoS),HIGH,3,3,False,c8de9e471f7950f2cc,90,CRITICAL,30,HIGH
SCA,SNYK-JAVA-ORGYAML-2806360,HIGH,org.springframework.samples:spring-petclinic@4.0.0-SNAPSHOT > org.yaml:snakeyaml@1.26,Denial of Service (DoS),HIGH,3,3,False,a9238f3af2afefd1b8,90,CRITICAL,30,HIGH
SAST,java:S1192,CRITICAL,spring-petclinic:src/main/java/org/springframework/samples/petclinic/owner/OwnerController.java:80,"Define a constant instead of duplicating this literal ""error"" 3 times.",CRITICAL,1,4,False,18d4d13021f41e69c9,90,CRITICAL,30,CRITICAL
DAST,SQL Injection,HIGH,UNKNOWN,<p>SQL injection may be possible.</p>,HIGH,2,3,False,ba0199e5fa39434b01,80,CRITICAL,30,HIGH
SAST,css:S4666,MAJOR,spring-petclinic:src/main/resources/static/resources/css/petclinic.css:4375,"Unexpected duplicate selector ""[data-bs-theme=""dark""]"", first used at line 139",MAJOR,1,3,False,d579368595b5beccc7,70,HIGH,60,HIGH
SAST,css:S4666,MAJOR,spring-petclinic:src/main/resources/static/resources/css/petclinic.css:4371,"Unexpected duplicate selector "":root,
[data-bs-theme=""light""]"", first used at line 19 (no-duplicate-selectors)",MAJOR,1,3,False,cac70b0f0073a0648d,70,HIGH,60,HIGH
SAST,java:S1117,MAJOR,spring-petclinic:src/main/java/org/springframework/samples/petclinic/model/NamedEntity.java:47,"Rename ""name"" which hides the field declared at line 33.",MAJOR,1,3,False,b1aea2459bd2233925,70,HIGH,60,HIGH
SAST,java:S1700,MAJOR,spring-petclinic:src/main/java/org/springframework/samples/petclinic/vet/Vets.java:33,"Rename field ""vets""",MAJOR,1,3,False,84f854bfc601fcf8ba,70,HIGH,60,HIGH
SAST,Web:S5254,MAJOR,spring-petclinic:src/main/resources/templates/owners/createOrUpdateOwnerForm.html:3,"Add ""lang"" and/or ""xml:lang"" attributes to this ""<html>"" element",MAJOR,1,3,False,14f44ae8291a9c8185,70,HIGH,60,HIGH
SAST,css:S4666,MAJOR,spring-petclinic:src/main/resources/static/resources/css/petclinic.css:5064,"Unexpected duplicate selector "":root,
[data-bs-theme=""light""]"", first used at line 19 (no-duplicate-selectors)",MAJOR,1,3,False,f149d066f9e740759f,70,HIGH,60,HIGH
SAST,Web:S5254,MAJOR,spring-petclinic:src/main/resources/templates/fragments/layout.html:3,"Add ""lang"" and/or ""xml:lang"" attributes to this ""<html>"" element",MAJOR,1,3,False,ef6aea9ff459a84fa6,70,HIGH,60,HIGH
SAST,css:S4666,MAJOR,spring-petclinic:src/main/resources/static/resources/css/petclinic.css:5070,"Unexpected duplicate selector ""[data-bs-theme=""dark""]"", first used at line 139",MAJOR,1,3,False,975d690b17f69c9c2d,70,HIGH,60,HIGH
SAST,Web:S5254,MAJOR,spring-petclinic:src/main/resources/templates/owners/ownerDetails.html:3,"Add ""lang"" and/or ""xml:lang"" attributes to this ""<html>"" element",MAJOR,1,3,False,75c9ebfeeedb50eb46,70,HIGH,60,HIGH
SAST,Web:PageWithoutTitleCheck,MAJOR,spring-petclinic:src/main/resources/templates/pets/createOrUpdatePetForm.html:3,Add a <title> tag to this page.,MAJOR,1,3,False,136a351d09fc2f86d8,70,HIGH,60,HIGH
SAST,Web:S5254,MAJOR,spring-petclinic:src/main/resources/templates/pets/createOrUpdatePetForm.html:3,"Add ""lang"" and/or ""xml:lang"" attributes to this ""<html>"" element",MAJOR,1,3,False,91811a343a7fb88b87,70,HIGH,60,HIGH
SAST,Web:S5254,MAJOR,spring-petclinic:src/main/resources/templates/pets/createOrUpdateVisitForm.html:3,"Add ""lang"" and/or ""xml:lang"" attributes to this ""<html>"" element",MAJOR,1,3,False,621e6cdcdf6c97fde9,70,HIGH,60,HIGH
SAST,Web:PageWithoutTitleCheck,MAJOR,spring-petclinic:src/main/resources/templates/vets/vetList.html:3,Add a <title> tag to this page.,MAJOR,1,3,False,6a98eefae3270921d3,70,HIGH,60,HIGH
SAST,Web:PageWithoutTitleCheck,MAJOR,spring-petclinic:src/main/resources/templates/owners/findOwners.html:3,Add a <title> tag to this page.,MAJOR,1,3,False,176b7ed95900e87edd,70,HIGH,60,HIGH
SAST,Web:S5254,MAJOR,spring-petclinic:src/main/resources/templates/owners/findOwners.html:3,"Add ""lang"" and/or ""xml:lang"" attributes to this ""<html>"" element",MAJOR,1,3,False,32f1b50a85b3705614,70,HIGH,60,HIGH
SAST,Web:PageWithoutTitleCheck,MAJOR,spring-petclinic:src/main/resources/templates/owners/createOrUpdateOwnerForm.html:3,Add a <title> tag to this page.,MAJOR,1,3,False,e1dc19fe7fe30e16df,70,HIGH,60,HIGH
SAST,Web:S6853,MAJOR,spring-petclinic:src/main/resources/templates/fragments/inputField.html:10,A form label must be associated with a control.,MAJOR,1,3,False,8e72c72ce1445bb522,70,HIGH,60,HIGH
SAST,Web:S5254,MAJOR,spring-petclinic:src/main/resources/templates/fragments/inputField.html:3,"Add ""lang"" and/or ""xml:lang"" attributes to this ""<html>"" element",MAJOR,1,3,False,6d62901564ba9bdad8,70,HIGH,60,HIGH
SAST,Web:S5254,MAJOR,spring-petclinic:src/main/resources/templates/fragments/selectField.html:3,"Add ""lang"" and/or ""xml:lang"" attributes to this ""<html>"" element",MAJOR,1,3,False,76732bee34d05b5490,70,HIGH,60,HIGH
SAST,Web:PageWithoutTitleCheck,MAJOR,spring-petclinic:src/main/resources/templates/fragments/selectField.html:3,Add a <title> tag to this page.,MAJOR,1,3,False,f11b51137a6c23e32d,70,HIGH,60,HIGH
SAST,Web:S6853,MAJOR,spring-petclinic:src/main/resources/templates/pets/createOrUpdatePetForm.html:15,A form label must be associated with a control.,MAJOR,1,3,False,4be966b837887348fe,70,HIGH,60,HIGH
SAST,Web:S6853,MAJOR,spring-petclinic:src/main/resources/templates/owners/findOwners.html:12,A form label must be associated with a control.,MAJOR,1,3,False,8d698bf6a72a068537,70,HIGH,60,HIGH
SAST,Web:S6853,MAJOR,spring-petclinic:src/main/resources/templates/fragments/selectField.html:10,A form label must be associated with a control.,MAJOR,1,3,False,bbf57ec3ef7b009c01,70,HIGH,60,HIGH
SAST,Web:PageWithoutTitleCheck,MAJOR,spring-petclinic:src/main/resources/templates/fragments/inputField.html:3,Add a <title> tag to this page.,MAJOR,1,3,False,7325c0d077b606c1a2,70,HIGH,60,HIGH
SAST,java:S1066,MAJOR,spring-petclinic:src/main/java/org/springframework/samples/petclinic/owner/Owner.java:139,Merge this if statement with the enclosing one.,MAJOR,1,3,False,528ea2d7ec3d100dca,70,HIGH,60,HIGH
SAST,css:S4666,MAJOR,spring-petclinic:src/main/resources/static/resources/css/petclinic.css:2897,"Unexpected duplicate selector "".dropstart .dropdown-toggle::after"", first used at line 2891",MAJOR,1,3,False,c9f2fa3706d3fa70a2,70,HIGH,60,HIGH
SAST,css:S4666,MAJOR,spring-petclinic:src/main/resources/static/resources/css/petclinic.css:2881,"Unexpected duplicate selector "".dropend .dropdown-toggle::after"", first used at line 2868",MAJOR,1,3,False,a6ad2a5962bbcb4587,70,HIGH,60,HIGH
SAST,css:S4666,MAJOR,spring-petclinic:src/main/resources/static/resources/css/petclinic.css:9287,"Unexpected duplicate selector "".btn-primary"", first used at line 2390",MAJOR,1,3,False,1ce714a60a5e7248e4,70,HIGH,60,HIGH
SAST,css:S125,MAJOR,spring-petclinic:src/main/resources/static/resources/css/petclinic.css:486,Remove this commented out code.,MAJOR,1,3,False,00cf389426d94e3597,70,HIGH,60,HIGH
SAST,Web:PageWithoutTitleCheck,MAJOR,spring-petclinic:src/main/resources/templates/pets/createOrUpdateVisitForm.html:3,Add a <title> tag to this page.,MAJOR,1,3,False,1f631f209963bb7133,70,HIGH,60,HIGH
SAST,Web:S5254,MAJOR,spring-petclinic:src/main/resources/templates/vets/vetList.html:3,"Add ""lang"" and/or ""xml:lang"" attributes to this ""<html>"" element",MAJOR,1,3,False,2318c17d370f5a1737,70,HIGH,60,HIGH
SAST,Web:PageWithoutTitleCheck,MAJOR,spring-petclinic:src/main/resources/templates/owners/ownerDetails.html:3,Add a <title> tag to this page.,MAJOR,1,3,False,474f2173f4ee2f3a2f,70,HIGH,60,HIGH
SAST,Web:S5254,MAJOR,spring-petclinic:src/main/resources/templates/error.html:3,"Add ""lang"" and/or ""xml:lang"" attributes to this ""<html>"" element",MAJOR,1,3,False,1d24e187a5c5897dc7,70,HIGH,60,HIGH
SAST,java:S112,MAJOR,spring-petclinic:src/main/java/org/springframework/samples/petclinic/system/CrashController.java:33,Replace generic exceptions with specific library exceptions or a custom exception.,MAJOR,1,3,False,bd6b5a0fb4b9deb509,70,HIGH,60,HIGH
SAST,css:S7924,MAJOR,spring-petclinic:src/main/resources/static/resources/css/petclinic.css:9495,Text does not meet the minimal contrast requirement with its background.,MAJOR,1,3,False,dedd7b41def542b90a,70,HIGH,60,HIGH
SAST,css:S125,MAJOR,spring-petclinic:src/main/scss/header.scss:40,Remove this commented out code.,MAJOR,1,3,False,b9dc6bfad182d1652d,70,HIGH,60,HIGH
SAST,css:S125,MAJOR,spring-petclinic:src/main/scss/typography.scss:54,Remove this commented out code.,MAJOR,1,3,False,8511f9869c74e4d754,70,HIGH,60,HIGH
SCA,SNYK-JAVA-ORGYAML-3152153,MEDIUM,org.springframework.samples:spring-petclinic@4.0.0-SNAPSHOT > org.yaml:snakeyaml@1.26,Arbitrary Code Execution,MEDIUM,3,2,False,a1d4a070b6cc0f5dd7,70,HIGH,60,MEDIUM
SAST,css:S125,MAJOR,spring-petclinic:src/main/scss/typography.scss:53,Remove this commented out code.,MAJOR,1,3,False,7f311a38233dc2f493,70,HIGH,60,HIGH
SAST,css:S7924,MAJOR,spring-petclinic:src/main/scss/header.scss:59,Text does not meet the minimal contrast requirement with its background.,MAJOR,1,3,False,d1859ded580b3c0dec,70,HIGH,60,HIGH
SAST,Web:S5256,MAJOR,spring-petclinic:src/main/resources/templates/owners/ownerDetails.html:46,"Add ""<th>"" headers to this ""<table>"".",MAJOR,1,3,False,a18f1429191c388753,70,HIGH,60,HIGH
SAST,Web:S1827,MAJOR,spring-petclinic:src/main/resources/templates/owners/ownerDetails.html:49,"Remove this deprecated ""valign"" attribute.",MAJOR,1,3,False,316cbaa44bd9f5878d,70,HIGH,60,HIGH
SAST,Web:S5254,MAJOR,spring-petclinic:src/main/resources/templates/welcome.html:3,"Add ""lang"" and/or ""xml:lang"" attributes to this ""<html>"" element",MAJOR,1,3,False,2074f3ab3d252cd049,70,HIGH,60,HIGH
SAST,Web:PageWithoutTitleCheck,MAJOR,spring-petclinic:src/main/resources/templates/welcome.html:3,Add a <title> tag to this page.,MAJOR,1,3,False,56c27693b55ac166f0,70,HIGH,60,HIGH
SAST,Web:PageWithoutTitleCheck,MAJOR,spring-petclinic:src/main/resources/templates/owners/ownersList.html:3,Add a <title> tag to this page.,MAJOR,1,3,False,c107afeef8521c3b7e,70,HIGH,60,HIGH
SAST,Web:S5254,MAJOR,spring-petclinic:src/main/resources/templates/owners/ownersList.html:3,"Add ""lang"" and/or ""xml:lang"" attributes to this ""<html>"" element",MAJOR,1,3,False,18ecb36d5305791e4b,70,HIGH,60,HIGH
SAST,Web:PageWithoutTitleCheck,MAJOR,spring-petclinic:src/main/resources/templates/error.html:3,Add a <title> tag to this page.,MAJOR,1,3,False,0958760ffd84a969c2,70,HIGH,60,HIGH
SAST,Web:S1827,MAJOR,spring-petclinic:src/main/resources/templates/owners/ownerDetails.html:59,"Remove this deprecated ""valign"" attribute.",MAJOR,1,3,False,69061de730a4d2dabf,70,HIGH,60,HIGH
SAST,css:S4666,MAJOR,spring-petclinic:src/main/resources/static/resources/css/petclinic.css:9399,"Unexpected duplicate selector ""hr"", first used at line 215",MAJOR,1,3,False,5fb88c08fe1e806468,70,HIGH,60,HIGH
SAST,css:S4666,MAJOR,spring-petclinic:src/main/resources/static/resources/css/petclinic.css:9315,"Unexpected duplicate selector ""h1, .h1"", first used at line 229",MAJOR,1,3,False,7ab1a340988dd744bc,70,HIGH,60,HIGH
SAST,css:S4666,MAJOR,spring-petclinic:src/main/resources/static/resources/css/petclinic.css:9306,"Unexpected duplicate selector ""code"", first used at line 348",MAJOR,1,3,False,1cab94a3d33e759459,70,HIGH,60,HIGH
SAST,css:S125,MAJOR,spring-petclinic:src/main/resources/static/resources/css/petclinic.css:9478,Remove this commented out code.,MAJOR,1,3,False,366f228e4912394659,70,HIGH,60,HIGH
SAST,css:S4666,MAJOR,spring-petclinic:src/main/resources/static/resources/css/petclinic.css:9444,"Unexpected duplicate selector "".navbar"", first used at line 3171",MAJOR,1,3,False,a36db54f1257be3961,70,HIGH,60,HIGH
SAST,css:S4666,MAJOR,spring-petclinic:src/main/resources/static/resources/css/petclinic.css:9434,"Unexpected duplicate selector ""h3, .h3"", first used at line 239",MAJOR,1,3,False,7c481b8be32a4a05ae,70,HIGH,60,HIGH
SAST,css:S4666,MAJOR,spring-petclinic:src/main/resources/static/resources/css/petclinic.css:9427,"Unexpected duplicate selector ""h2, .h2"", first used at line 234",MAJOR,1,3,False,e6011b91b559dc335a,70,HIGH,60,HIGH
SAST,css:S4666,MAJOR,spring-petclinic:src/main/resources/static/resources/css/petclinic.css:9422,"Unexpected duplicate selector ""h1, .h1"", first used at line 229",MAJOR,1,3,False,b005994db4e2e537cf,70,HIGH,60,HIGH
SAST,css:S4666,MAJOR,spring-petclinic:src/main/resources/static/resources/css/petclinic.css:2912,"Unexpected duplicate selector "".dropstart .dropdown-toggle::before"", first used at line 2900",MAJOR,1,3,False,1a5b9e126a75bde626,70,HIGH,60,HIGH
SCA,SNYK-JAVA-ORGYAML-3016891,MEDIUM,org.springframework.samples:spring-petclinic@4.0.0-SNAPSHOT > org.yaml:snakeyaml@1.26,Stack-based Buffer Overflow,MEDIUM,3,2,False,5943ccb9f44623d0d8,70,HIGH,60,MEDIUM
DAST,Buffer Overflow,MEDIUM,UNKNOWN,"<p>Buffer overflow errors are characterized by the overwriting of memory spaces of the background web process, which should have never been modified intentionally or unintentionally. Overwriting values of the IP (Instruction Pointer), BP (Base Pointer) and other registers causes exceptions, segmentation faults, and other process errors to occur. Usually these errors end execution of the application in an unexpected way.</p>",MEDIUM,2,2,False,3cc409893a78253757,60,HIGH,60,MEDIUM
DAST,Content Security Policy (CSP) Header Not Set,MEDIUM,UNKNOWN,"<p>Content Security Policy (CSP) is an added layer of security that helps to detect and mitigate certain types of attacks, including Cross Site Scripting (XSS) and data injection attacks. These attacks are used for everything from data theft to site defacement or distribution of malware. CSP provides a set of standard HTTP headers that allow website owners to declare approved sources of content that browsers should be allowed to load on that page — covered types are JavaScript, CSS, HTML frames, fonts, images and embeddable objects such as Java applets, ActiveX, audio and video files.</p>",MEDIUM,2,2,False,0e7e5da920ba4e76dd,60,HIGH,60,MEDIUM
DAST,Session ID in URL Rewrite,MEDIUM,UNKNOWN,"<p>URL rewrite is used to track user session ID. The session ID may be disclosed via cross-site referer header. In addition, the session ID might be stored in browser history or server logs.</p>",MEDIUM,2,2,False,f15db5747e518e2e5b,60,HIGH,60,MEDIUM
DAST,Absence of Anti-CSRF Tokens,MEDIUM,UNKNOWN,"<p>No Anti-CSRF tokens were found in a HTML submission form.</p><p>A cross-site request forgery is an attack that involves forcing a victim to send an HTTP request to a target destination without their knowledge or intent in order to perform an action as the victim. The underlying cause is application functionality using predictable URL/form actions in a repeatable way. The nature of the attack is that CSRF exploits the trust that a web site has for a user. By contrast, cross-site scripting (XSS) exploits the trust that a user has for a web site. Like XSS, CSRF attacks are not necessarily cross-site, but they can be. Cross-site request forgery is also known as CSRF, XSRF, one-click attack, session riding, confused deputy, and sea surf.</p><p></p><p>CSRF attacks are effective in a number of situations, including:</p><p>    * The victim has an active session on the target site.</p><p>    * The victim is authenticated via HTTP auth on the target site.</p><p>    * The victim is on the same local network as the target site.</p><p></p><p>CSRF has primarily been used to perform an action against a target site using the victim's privileges, but recent techniques have been discovered to disclose information by gaining access to the response. The risk of information disclosure is dramatically increased when the target site is vulnerable to XSS, because XSS can be used as a platform for CSRF, allowing the attack to operate within the bounds of the same-origin policy.</p>",MEDIUM,2,2,False,53f44f982dad8848e3,60,HIGH,60,MEDIUM
DAST,Missing Anti-clickjacking Header,MEDIUM,UNKNOWN,<p>The response does not protect against 'ClickJacking' attacks. It should include either Content-Security-Policy with 'frame-ancestors' directive or X-Frame-Options.</p>,MEDIUM,2,2,False,490b9f622673a0b27b,60,HIGH,60,MEDIUM
DAST,Format String Error,MEDIUM,UNKNOWN,<p>A Format String error occurs when the submitted data of an input string is evaluated as a command by the application.</p>,MEDIUM,2,2,False,067d0e018634baebc1,60,HIGH,60,MEDIUM
SCA,SNYK-JAVA-ORGYAML-3016889,LOW,org.springframework.samples:spring-petclinic@4.0.0-SNAPSHOT > org.yaml:snakeyaml@1.26,Stack-based Buffer Overflow,LOW,3,1,False,a5d0000bcdfc0e6b58,50,MEDIUM,180,LOW
SCA,SNYK-JAVA-ORGYAML-3016888,LOW,org.springframework.samples:spring-petclinic@4.0.0-SNAPSHOT > org.yaml:snakeyaml@1.26,Stack-based Buffer Overflow,LOW,3,1,False,64fcfbc1a5a892d90f,50,MEDIUM,180,LOW
SCA,SNYK-JAVA-ORGYAML-3113851,LOW,org.springframework.samples:spring-petclinic@4.0.0-SNAPSHOT > org.yaml:snakeyaml@1.26,Stack-based Buffer Overflow,LOW,3,1,False,5b9d4d147cee735fa3,50,MEDIUM,180,LOW
DAST,User Agent Fuzzer,INFORMATIONAL,UNKNOWN,"<p>Check for differences in response based on fuzzed User Agent (eg. mobile sites, access as a Search Engine Crawler). Compares the response statuscode and the hashcode of the response body with the original response.</p>",INFORMATIONAL,2,1,False,c46b912906409d17ec,40,MEDIUM,180,LOW
DAST,Information Disclosure - Debug Error Messages,LOW,UNKNOWN,"<p>The response appeared to contain common error messages returned by platforms such as ASP.NET, and Web-servers such as IIS and Apache. You can configure the list of common debug messages.</p>",LOW,2,1,False,0c95d03d92dd4d868e,40,MEDIUM,180,LOW
DAST,Cookie without SameSite Attribute,LOW,UNKNOWN,"<p>A cookie has been set without the SameSite attribute, which means that the cookie can be sent as a result of a 'cross-site' request. The SameSite attribute is an effective counter measure to cross-site request forgery, cross-site script inclusion, and timing attacks.</p>",LOW,2,1,False,b39dafdd3912b61d8b,40,MEDIUM,180,LOW
DAST,Information Disclosure - Suspicious Comments,INFORMATIONAL,UNKNOWN,<p>The response appears to contain suspicious comments which may help an attacker.</p>,INFORMATIONAL,2,1,False,34e3c21d256d5ca002,40,MEDIUM,180,LOW
DAST,Session Management Response Identified,INFORMATIONAL,UNKNOWN,"<p>The given response has been identified as containing a session management token. The 'Other Info' field contains a set of header tokens that can be used in the Header Based Session Management Method. If the request is in a context which has a Session Management Method set to ""Auto-Detect"" then this rule will change the session management to use the tokens identified.</p>",INFORMATIONAL,2,1,False,ae7e288f04e4ee6ef8,40,MEDIUM,180,LOW
DAST,Application Error Disclosure,LOW,UNKNOWN,<p>This page contains an error/warning message that may disclose sensitive information like the location of the file that produced the unhandled exception. This information can be used to launch further attacks against the web application. The alert could be a false positive if the error message is found inside a documentation page.</p>,LOW,2,1,False,bd468fd334c0dc4c93,40,MEDIUM,180,LOW
DAST,User Controllable HTML Element Attribute (Potential XSS),INFORMATIONAL,UNKNOWN,<p>This check looks at user-supplied input in query string parameters and POST data to identify where certain HTML attribute values might be controlled. This provides hot-spot detection for XSS (cross-site scripting) that will require further review by a security analyst to determine exploitability.</p>,INFORMATIONAL,2,1,False,fa4dd587ec22596af6,40,MEDIUM,180,LOW
DAST,X-Content-Type-Options Header Missing,LOW,UNKNOWN,"<p>The Anti-MIME-Sniffing header X-Content-Type-Options was not set to 'nosniff'. This allows older versions of Internet Explorer and Chrome to perform MIME-sniffing on the response body, potentially causing the response body to be interpreted and displayed as a content type other than the declared content type. Current (early 2014) and legacy versions of Firefox will use the declared content type (if one is set), rather than performing MIME-sniffing.</p>",LOW,2,1,False,853b8f8e5b483214d8,40,MEDIUM,180,LOW
SAST,Web:S6827,MINOR,spring-petclinic:src/main/resources/templates/owners/ownersList.html:54,Anchors must have content and the content must be accessible by a screen reader.,MINOR,1,1,False,2030822743d2cb3308,30,LOW,480,LOW
SAST,Web:S6827,MINOR,spring-petclinic:src/main/resources/templates/vets/vetList.html:35,Anchors must have content and the content must be accessible by a screen reader.,MINOR,1,1,False,72bc5c1486dd278a9e,30,LOW,480,LOW
SAST,Web:S6827,MINOR,spring-petclinic:src/main/resources/templates/owners/ownersList.html:44,Anchors must have content and the content must be accessible by a screen reader.,MINOR,1,1,False,cc99274fb7aa6628da,30,LOW,480,LOW
SAST,Web:S6827,MINOR,spring-petclinic:src/main/resources/templates/vets/vetList.html:45,Anchors must have content and the content must be accessible by a screen reader.,MINOR,1,1,False,ee4a3bee4b8662887e,30,LOW,480,LOW
SAST,Web:S6827,MINOR,spring-petclinic:src/main/resources/templates/vets/vetList.html:50,Anchors must have content and the content must be accessible by a screen reader.,MINOR,1,1,False,fe28df44f5b573fef4,30,LOW,480,LOW
SAST,Web:S6827,MINOR,spring-petclinic:src/main/resources/templates/owners/ownersList.html:49,Anchors must have content and the content must be accessible by a screen reader.,MINOR,1,1,False,4db7589658269054b2,30,LOW,480,LOW
SAST,Web:S6827,MINOR,spring-petclinic:src/main/resources/templates/owners/ownersList.html:40,Anchors must have content and the content must be accessible by a screen reader.,MINOR,1,1,False,652e2c45bc23969a24,30,LOW,480,LOW
SAST,Web:ImgWithoutAltCheck,MINOR,spring-petclinic:src/main/resources/templates/error.html:6,"Add an ""alt"" attribute to this image.",MINOR,1,1,False,b5e3c3796ffcc935e0,30,LOW,480,LOW
SAST,Web:ImgWithoutAltCheck,MINOR,spring-petclinic:src/main/resources/templates/welcome.html:10,"Add an ""alt"" attribute to this image.",MINOR,1,1,False,e5efb35b41669a5f87,30,LOW,480,LOW
SAST,java:S1488,MINOR,spring-petclinic:src/main/java/org/springframework/samples/petclinic/owner/PetController.java:69,"Immediately return this expression instead of assigning it to the temporary variable ""owner"".",MINOR,1,1,False,cb863c05f6fd4f9a46,30,LOW,480,LOW
SAST,Web:S6827,MINOR,spring-petclinic:src/main/resources/templates/vets/vetList.html:40,Anchors must have content and the content must be accessible by a screen reader.,MINOR,1,1,False,76490f3a6edba7577c,30,LOW,480,LOW
SAST,java:S1192,CRITICAL,spring-petclinic:src/test/java/org/springframework/samples/petclinic/owner/PetControllerTests.java:99,"Define a constant instead of duplicating this literal ""2015-02-12"" 6 times.",CRITICAL,1,4,True,dd90016b0ec7f613fc,0,SUPPRESSED,5,CRITICAL
SAST,java:S1192,CRITICAL,spring-petclinic:src/test/java/org/springframework/samples/petclinic/owner/PetControllerTests.java:97,"Define a constant instead of duplicating this literal ""Betty"" 4 times.",CRITICAL,1,4,True,35fb7c4b2f335ab075,0,SUPPRESSED,5,CRITICAL
SAST,java:S115,CRITICAL,spring-petclinic:src/test/java/org/springframework/samples/petclinic/owner/PetValidatorTests.java:51,Rename this constant name to match the regular expression '^[A-Z][A-Z0-9]*(_[A-Z0-9]+)*$'.,CRITICAL,1,4,True,4a25d745033d527306,0,SUPPRESSED,5,CRITICAL
SAST,java:S115,CRITICAL,spring-petclinic:src/test/java/org/springframework/samples/petclinic/owner/PetValidatorTests.java:53,Rename this constant name to match the regular expression '^[A-Z][A-Z0-9]*(_[A-Z0-9]+)*$'.,CRITICAL,1,4,True,9f578c83864213d827,0,SUPPRESSED,5,CRITICAL
SAST,java:S1117,MAJOR,spring-petclinic:src/test/java/org/springframework/samples/petclinic/service/ClinicServiceTests.java:89,"Rename ""owners"" which hides the field declared at line 76.",MAJOR,1,3,True,fb0b9f54a90fac87c4,0,SUPPRESSED,5,HIGH
SAST,java:S1192,CRITICAL,spring-petclinic:src/test/java/org/springframework/samples/petclinic/owner/OwnerControllerTests.java:75,"Define a constant instead of duplicating this literal ""Franklin"" 6 times.",CRITICAL,1,4,True,4ed55d20c0d38883f5,0,SUPPRESSED,5,CRITICAL
SAST,java:S1117,MAJOR,spring-petclinic:src/test/java/org/springframework/samples/petclinic/service/ClinicServiceTests.java:166,"Rename ""types"" which hides the field declared at line 79.",MAJOR,1,3,True,ed9dcae5683c1dd64e,0,SUPPRESSED,5,HIGH
SAST,java:S3776,CRITICAL,spring-petclinic:src/test/java/org/springframework/samples/petclinic/system/I18nPropertiesSyncTest.java:40,Refactor this method to reduce its Cognitive Complexity from 17 to the 15 allowed.,CRITICAL,1,4,True,9e04cf50f583930af7,0,SUPPRESSED,5,CRITICAL
SAST,java:S1192,CRITICAL,spring-petclinic:src/test/java/org/springframework/samples/petclinic/owner/PetControllerTests.java:90,"Define a constant instead of duplicating this literal ""pets/createOrUpdatePetForm"" 8 times.",CRITICAL,1,4,True,20f670eb9937642271,0,SUPPRESSED,5,CRITICAL
SAST,java:S1192,CRITICAL,spring-petclinic:src/test/java/org/springframework/samples/petclinic/owner/PetControllerTests.java:88,"Define a constant instead of duplicating this literal ""/owners/{ownerId}/pets/new"" 6 times.",CRITICAL,1,4,True,6137492800ad3285fe,0,SUPPRESSED,5,CRITICAL
SAST,java:S1192,CRITICAL,spring-petclinic:src/test/java/org/springframework/samples/petclinic/owner/VisitControllerTests.java:69,"Define a constant instead of duplicating this literal ""/owners/{ownerId}/pets/{petId}/visits/new"" 3 times.",CRITICAL,1,4,True,5a8cdc5364f16160b2,0,SUPPRESSED,5,CRITICAL
SAST,java:S1192,CRITICAL,spring-petclinic:src/test/java/org/springframework/samples/petclinic/owner/PetControllerTests.java:71,"Define a constant instead of duplicating this literal ""hamster"" 3 times.",CRITICAL,1,4,True,e02c2419bf2427855f,0,SUPPRESSED,5,CRITICAL
SAST,java:S1192,CRITICAL,spring-petclinic:src/test/java/org/springframework/samples/petclinic/owner/OwnerControllerTests.java:146,"Define a constant instead of duplicating this literal ""/owners?page=1"" 3 times.",CRITICAL,1,4,True,17a1ebd216e9fff05d,0,SUPPRESSED,5,CRITICAL
SAST,java:S1192,CRITICAL,spring-petclinic:src/test/java/org/springframework/samples/petclinic/owner/OwnerControllerTests.java:118,"Define a constant instead of duplicating this literal ""London"" 3 times.",CRITICAL,1,4,True,a1903d4e802d6f75cc,0,SUPPRESSED,5,CRITICAL
SAST,java:S1192,CRITICAL,spring-petclinic:src/test/java/org/springframework/samples/petclinic/owner/OwnerControllerTests.java:117,"Define a constant instead of duplicating this literal ""address"" 7 times.",CRITICAL,1,4,True,cc366dfdc61aef9503,0,SUPPRESSED,5,CRITICAL
SAST,java:S1192,CRITICAL,spring-petclinic:src/test/java/org/springframework/samples/petclinic/owner/OwnerControllerTests.java:116,"Define a constant instead of duplicating this literal ""lastName"" 10 times.",CRITICAL,1,4,True,8b35e6bee555071574,0,SUPPRESSED,5,CRITICAL
SAST,java:S1192,CRITICAL,spring-petclinic:src/test/java/org/springframework/samples/petclinic/owner/OwnerControllerTests.java:115,"Define a constant instead of duplicating this literal ""firstName"" 6 times.",CRITICAL,1,4,True,289d99e084a72f7dd5,0,SUPPRESSED,5,CRITICAL
SAST,java:S1192,CRITICAL,spring-petclinic:src/test/java/org/springframework/samples/petclinic/owner/OwnerControllerTests.java:106,"Define a constant instead of duplicating this literal ""/owners/new"" 3 times.",CRITICAL,1,4,True,1f0ff263b43a4eb793,0,SUPPRESSED,5,CRITICAL
SAST,java:S1192,CRITICAL,spring-petclinic:src/test/java/org/springframework/samples/petclinic/system/CrashControllerIntegrationTests.java:64,"Define a constant instead of duplicating this literal ""/oups"" 3 times.",CRITICAL,1,4,True,1fa33a19ffdb3ca368,0,SUPPRESSED,5,CRITICAL
SAST,java:S112,MAJOR,spring-petclinic:src/test/java/org/springframework/samples/petclinic/PostgresIntegrationTests.java:82,Replace generic exceptions with specific library exceptions or a custom exception.,MAJOR,1,3,True,3aab3fe38f233d03af,0,SUPPRESSED,5,HIGH
SAST,java:S1192,CRITICAL,spring-petclinic:src/test/java/org/springframework/samples/petclinic/owner/OwnerControllerTests.java:119,"Define a constant instead of duplicating this literal ""telephone"" 7 times.",CRITICAL,1,4,True,a42194d19afc3b69ff,0,SUPPRESSED,5,CRITICAL
SAST,java:S1192,CRITICAL,spring-petclinic:src/test/java/org/springframework/samples/petclinic/owner/OwnerControllerTests.java:108,"Define a constant instead of duplicating this literal ""owner"" 24 times.",CRITICAL,1,4,True,8d508755559fd4ebbc,0,SUPPRESSED,5,CRITICAL
SAST,java:S1192,CRITICAL,spring-petclinic:src/test/java/org/springframework/samples/petclinic/owner/OwnerControllerTests.java:172,"Define a constant instead of duplicating this literal ""/owners/{ownerId}/edit"" 5 times.",CRITICAL,1,4,True,b448bb57f3bdd9fc48,0,SUPPRESSED,5,CRITICAL
SAST,java:S1192,CRITICAL,spring-petclinic:src/test/java/org/springframework/samples/petclinic/owner/PetControllerTests.java:115,"Define a constant instead of duplicating this literal ""required"" 3 times.",CRITICAL,1,4,True,0c477d3ea00db8f6a5,0,SUPPRESSED,5,CRITICAL
SAST,java:S1192,CRITICAL,spring-petclinic:src/test/java/org/springframework/samples/petclinic/owner/PetControllerTests.java:164,"Define a constant instead of duplicating this literal ""/owners/{ownerId}/pets/{petId}/edit"" 4 times.",CRITICAL,1,4,True,261264c638e6d230c3,0,SUPPRESSED,5,CRITICAL
SAST,java:S1192,CRITICAL,spring-petclinic:src/test/java/org/springframework/samples/petclinic/service/ClinicServiceTests.java:110,"Define a constant instead of duplicating this literal ""Schultz"" 3 times.",CRITICAL,1,4,True,b7d09f9f6788562606,0,SUPPRESSED,5,CRITICAL
SAST,java:S1117,MAJOR,spring-petclinic:src/test/java/org/springframework/samples/petclinic/service/ClinicServiceTests.java:110,"Rename ""owners"" which hides the field declared at line 76.",MAJOR,1,3,True,0253d1104ca31f77f0,0,SUPPRESSED,5,HIGH
SAST,java:S1192,CRITICAL,spring-petclinic:src/test/java/org/springframework/samples/petclinic/owner/PetControllerTests.java:112,"Define a constant instead of duplicating this literal ""owner"" 6 times.",CRITICAL,1,4,True,c30dee51fe4a2abe1f,0,SUPPRESSED,5,CRITICAL
SAST,java:S1117,MAJOR,spring-petclinic:src/test/java/org/springframework/samples/petclinic/service/ClinicServiceTests.java:206,"Rename ""vets"" which hides the field declared at line 82.",MAJOR,1,3,True,f1804e75b0a17e0c64,0,SUPPRESSED,5,HIGH
SAST,java:S1602,MINOR,spring-petclinic:src/test/java/org/springframework/samples/petclinic/owner/PetTypeFormatterTests.java:73,Remove useless curly braces around statement (sonar.java.source not set. Assuming 8 or greater.),MINOR,1,1,True,69c3a5501d965b4b57,0,SUPPRESSED,5,LOW
SAST,java:S1192,CRITICAL,spring-petclinic:src/test/java/org/springframework/samples/petclinic/owner/OwnerControllerTests.java:76,"Define a constant instead of duplicating this literal ""110 W. Liberty St."" 3 times.",CRITICAL,1,4,True,bf686f77df445c7db9,0,SUPPRESSED,5,CRITICAL
SAST,java:S1192,CRITICAL,spring-petclinic:src/test/java/org/springframework/samples/petclinic/owner/OwnerControllerTests.java:74,"Define a constant instead of duplicating this literal ""George"" 3 times.",CRITICAL,1,4,True,7fe492ea3a4d1dfd03,0,SUPPRESSED,5,CRITICAL
SAST,java:S1192,CRITICAL,spring-petclinic:src/test/java/org/springframework/samples/petclinic/owner/OwnerControllerTests.java:78,"Define a constant instead of duplicating this literal ""6085551023"" 3 times.",CRITICAL,1,4,True,3f3a2765c64ac45abf,0,SUPPRESSED,5,CRITICAL
SAST,java:S1192,CRITICAL,spring-petclinic:src/test/java/org/springframework/samples/petclinic/owner/OwnerControllerTests.java:77,"Define a constant instead of duplicating this literal ""Madison"" 3 times.",CRITICAL,1,4,True,6e589536b4e48ae960,0,SUPPRESSED,5,CRITICAL
SAST,java:S1118,MAJOR,spring-petclinic:src/test/java/org/springframework/samples/petclinic/service/EntityUtils.java:33,Add a private constructor to hide the implicit public one.,MAJOR,1,3,True,1cd47fbd2371719fdf,0,SUPPRESSED,5,HIGH
SAST,java:S1171,MAJOR,spring-petclinic:src/test/java/org/springframework/samples/petclinic/owner/PetTypeFormatterTests.java:90,Move the contents of this initializer to a standard constructor or to field initializers.,MAJOR,1,3,True,e06692e3a850d67ff5,0,SUPPRESSED,5,HIGH
SAST,java:S1192,CRITICAL,spring-petclinic:src/test/java/org/springframework/samples/petclinic/owner/OwnerControllerTests.java:109,"Define a constant instead of duplicating this literal ""owners/createOrUpdateOwnerForm"" 4 times.",CRITICAL,1,4,True,4556a66c2a279449e3,0,SUPPRESSED,5,CRITICAL
SAST,java:S3599,MINOR,spring-petclinic:src/test/java/org/springframework/samples/petclinic/owner/PetTypeFormatterTests.java:84,Use another way to initialize this instance.,MINOR,1,1,True,8b991e6e2788d2dd14,0,SUPPRESSED,5,LOW
SAST,java:S1171,MAJOR,spring-petclinic:src/test/java/org/springframework/samples/petclinic/owner/PetTypeFormatterTests.java:85,Move the contents of this initializer to a standard constructor or to field initializers.,MAJOR,1,3,True,9231c9d4cc18cde34e,0,SUPPRESSED,5,HIGH
SAST,java:S3599,MINOR,spring-petclinic:src/test/java/org/springframework/samples/petclinic/owner/PetTypeFormatterTests.java:89,Use another way to initialize this instance.,MINOR,1,1,True,8e6431365c6e4a9f4b,0,SUPPRESSED,5,LOW
